feature,importance
num_threads,0.12882927815904818
avg_ipc,0.13445415886362788
ipc_cv,0.04761121751644393
pe_ratio,0.10083271894304605
local_ratio,0.07344338585368818
remote_ratio,0.06405400817399934
l2_intensity,0.21851039984897563
l3_intensity,0.07080471049795513
mem_intensity,0.061433712370081224
read_ratio,0.10002640977313439
