{
  "CG_S_16": {
    "simTime": 0.011376,
    "instructions": 381661005,
    "wallTime": 76.8,
    "wallTimes": [
      42.0,
      38.0,
      37.0,
      38.0,
      37.0
    ]
  },
  "lavaMD_S_2": {
    "simTime": 0.00037,
    "instructions": 334530,
    "wallTime": 5.0,
    "wallTimes": [
      5.0,
      5.0,
      5.0,
      5.0,
      5.0
    ]
  },
  "BT_S_2": {
    "simTime": 0.10004,
    "instructions": 559432181,
    "wallTime": 183.3,
    "wallTimes": [
      210.0,
      170.0,
      170.0,
      171.0,
      183.0
    ]
  },
  "lavaMD_S_4": {
    "simTime": 0.000373,
    "instructions": 334889,
    "wallTime": 5.0,
    "wallTimes": [
      5.0,
      5.0,
      5.0,
      5.0,
      5.0
    ]
  },
  "BT_S_4": {
    "simTime": 0.01538,
    "instructions": 682192266,
    "wallTime": 279.3,
    "wallTimes": [
      370.0,
      284.0,
      285.0,
      229.0,
      157.0
    ]
  },
  "MG_S_4": {
    "simTime": 0.005534,
    "instructions": 37781914,
    "wallTime": 23.7,
    "wallTimes": [
      32.0,
      19.0,
      21.0,
      20.0,
      21.0
    ]
  },
  "CG_S_4": {
    "simTime": 0.036397,
    "instructions": 324226529,
    "wallTime": 107.7,
    "wallTimes": [
      172.0,
      76.0,
      79.0,
      84.0,
      92.0
    ]
  },
  "lavaMD_W_16": {
    "simInsts": 2223715724,
    "simTicks": 17443084750,
    "wallTime": 3473.3,
    "wallTimes": [
      2864.2,
      2902.1,
      2932.3,
      5194.8
    ]
  },
  "CG_W_16": {
    "simInsts": 6381483235,
    "simTicks": 58095768250,
    "wallTime": 14397.4,
    "wallTimes": [
      14047.2,
      14334.3,
      14394.7,
      14813.5
    ]
  },
  "MG_S_2": {
    "simTime": 0.009449,
    "instructions": 34958860,
    "wallTime": 18.8,
    "wallTimes": [
      21.0,
      18.0,
      18.0,
      18.0,
      19.0
    ]
  },
  "CG_S_2": {
    "simTime": 0.022142,
    "instructions": 333209628,
    "wallTime": 119.7,
    "wallTimes": [
      147.0,
      122.0,
      126.0,
      93.0,
      121.0
    ]
  },
  "MG_S_8": {
    "simTime": 0.003474,
    "instructions": 45151026,
    "wallTime": 22.0,
    "wallTimes": [
      39.0,
      14.0,
      13.0,
      13.0,
      14.0
    ]
  },
  "CG_S_8": {
    "simTime": 0.019545,
    "instructions": 347898849,
    "wallTime": 86.2,
    "wallTimes": [
      148.0,
      61.0,
      51.0,
      52.0,
      58.0
    ]
  },
  "IS_S_8": {
    "simTime": 0.005784,
    "instructions": 41735033,
    "wallTime": 18.7,
    "wallTimes": [
      34.0,
      11.0,
      12.0,
      12.0,
      14.0
    ]
  },
  "BT_S_8": {
    "simTime": 0.04134,
    "instructions": 891384904,
    "wallTime": 363.8,
    "wallTimes": [
      448.0,
      487.0,
      488.0,
      155.0,
      157.0
    ]
  },
  "FT_S_8": {
    "simTime": 0.036325,
    "instructions": 805305510,
    "wallTime": 327.0,
    "wallTimes": [
      405.0,
      432.0,
      468.0,
      107.0,
      147.0
    ]
  },
  "SP_S_8": {
    "simTime": 0.006278,
    "instructions": 434557733,
    "wallTime": 214.8,
    "wallTimes": [
      255.0,
      311.0,
      326.0,
      73.0,
      71.0
    ]
  },
  "BFS_S_8": {
    "simTime": 0.0076,
    "instructions": 33545274,
    "wallTime": 20.8,
    "wallTimes": [
      28.0,
      15.0,
      15.0,
      15.0,
      15.0
    ]
  },
  "lavaMD_S_8": {
    "simTime": 0.000375,
    "instructions": 333725,
    "wallTime": 5.3,
    "wallTimes": [
      6.0,
      5.0,
      5.0,
      5.0,
      5.0
    ]
  },
  "BC_S_8": {
    "simTime": 0.007581,
    "instructions": 33523173,
    "wallTime": 21.2,
    "wallTimes": [
      36.0,
      15.0,
      15.0,
      15.0,
      15.0
    ]
  },
  "PR_S_8": {
    "simTime": 0.007587,
    "instructions": 33380079,
    "wallTime": 21.2,
    "wallTimes": [
      36.0,
      15.0,
      15.0,
      15.0,
      15.0
    ]
  },
  "CC_S_8": {
    "simTime": 0.007622,
    "instructions": 33346173,
    "wallTime": 21.3,
    "wallTimes": [
      36.0,
      15.0,
      15.0,
      15.0,
      15.0
    ]
  },
  "SSSP_S_8": {
    "simTime": 0.008263,
    "instructions": 47190143,
    "wallTime": 134.7,
    "wallTimes": [
      272.0,
      39.0,
      39.0,
      45.0,
      46.0
    ]
  },
  "TC_S_8": {
    "simTime": 0.007602,
    "instructions": 33924332,
    "wallTime": 298.4,
    "wallTimes": [
      957.1,
      34.0,
      30.0,
      28.0,
      31.0
    ]
  },
  "EP_S_8": {
    "simInsts": 3503484636,
    "simTicks": 62466569250,
    "wallTime": 6089.5,
    "wallTimes": [
      5843.4,
      6200.2,
      6224.8
    ]
  },
  "IS_S_2": {
    "simTime": 0.019782,
    "instructions": 36797977,
    "wallTime": 16.7,
    "wallTimes": [
      18.0,
      15.0,
      20.0,
      15.0,
      16.0
    ]
  },
  "SP_S_2": {
    "simTime": 0.052446,
    "instructions": 234199766,
    "wallTime": 80.2,
    "wallTimes": [
      84.0,
      76.0,
      79.0,
      78.0,
      85.0
    ]
  },
  "BFS_S_2": {
    "simTime": 0.009381,
    "instructions": 16444000,
    "wallTime": 14.0,
    "wallTimes": [
      15.0,
      14.0,
      14.0,
      13.0,
      13.0
    ]
  },
  "FT_S_2": {
    "simTime": 0.13127,
    "instructions": 758860989,
    "wallTime": 231.2,
    "wallTimes": [
      259.0,
      205.0,
      223.0,
      227.0,
      219.0
    ]
  },
  "BC_S_2": {
    "simTime": 0.009362,
    "instructions": 16411497,
    "wallTime": 14.0,
    "wallTimes": [
      15.0,
      14.0,
      14.0,
      13.0,
      13.0
    ]
  },
  "PR_S_2": {
    "simTime": 0.002762,
    "instructions": 16463127,
    "wallTime": 14.2,
    "wallTimes": [
      15.0,
      14.0,
      14.0,
      13.0,
      14.0
    ]
  },
  "CC_S_2": {
    "simTime": 0.009402,
    "instructions": 16413754,
    "wallTime": 14.3,
    "wallTimes": [
      15.0,
      14.0,
      14.0,
      14.0,
      14.0
    ]
  },
  "SSSP_S_2": {
    "simTime": 0.010193,
    "instructions": 20385982,
    "wallTime": 18.2,
    "wallTimes": [
      22.0,
      16.0,
      15.0,
      16.0,
      15.0
    ]
  },
  "TC_S_2": {
    "simTime": 0.009395,
    "instructions": 16585440,
    "wallTime": 14.3,
    "wallTimes": [
      14.0,
      14.0,
      15.0,
      14.0,
      15.0
    ]
  },
  "IS_S_4": {
    "simTime": 0.011232,
    "instructions": 38007283,
    "wallTime": 19.7,
    "wallTimes": [
      25.0,
      14.0,
      20.0,
      17.0,
      18.0
    ]
  },
  "SP_S_4": {
    "simTime": 0.035205,
    "instructions": 301871730,
    "wallTime": 161.0,
    "wallTimes": [
      210.0,
      149.0,
      150.0,
      143.0,
      123.0
    ]
  },
  "BFS_S_4": {
    "simTime": 0.008328,
    "instructions": 21813914,
    "wallTime": 21.0,
    "wallTimes": [
      25.0,
      18.0,
      21.0,
      18.0,
      21.0
    ]
  },
  "FT_S_4": {
    "simTime": 0.067472,
    "instructions": 764160090,
    "wallTime": 257.2,
    "wallTimes": [
      351.0,
      187.0,
      242.0,
      231.0,
      188.0
    ]
  },
  "BC_S_4": {
    "simTime": 0.008267,
    "instructions": 21829464,
    "wallTime": 21.3,
    "wallTimes": [
      25.0,
      18.0,
      21.0,
      18.0,
      20.0
    ]
  },
  "PR_S_4": {
    "simTime": 0.008252,
    "instructions": 21703942,
    "wallTime": 21.5,
    "wallTimes": [
      26.0,
      18.0,
      20.0,
      18.0,
      21.0
    ]
  },
  "CC_S_4": {
    "simTime": 0.008386,
    "instructions": 21730227,
    "wallTime": 21.3,
    "wallTimes": [
      26.0,
      18.0,
      20.0,
      18.0,
      20.0
    ]
  },
  "SSSP_S_4": {
    "simTime": 0.009045,
    "instructions": 28845490,
    "wallTime": 26.7,
    "wallTimes": [
      33.0,
      23.0,
      25.0,
      23.0,
      23.0
    ]
  },
  "TC_S_4": {
    "simTime": 0.008314,
    "instructions": 21841221,
    "wallTime": 20.2,
    "wallTimes": [
      23.0,
      19.0,
      20.0,
      19.0,
      18.0
    ]
  },
  "IS_S_16": {
    "simTime": 0.003371,
    "instructions": 54272528,
    "wallTime": 21.2,
    "wallTimes": [
      12.0,
      15.0,
      15.0,
      15.0,
      15.0
    ]
  },